n_qubits,J,g,h,dt,steps,total_time,target_depth,ansatz_depth,ansatz_fraction,diamond_bound,delta_ens,R,best_single_frob,active_circuits,n_circuits,qp_value
4,0.5,0.5,0.0,0.1,1,0.1,4,1,0.25,41.09579588462642,4.35753793621619,5.690405961984966,5.315199753231279,3,3,2.9881368655632503
4,0.5,0.5,0.0,0.1,1,0.1,4,2,0.5,41.940974126733394,4.568606099900515,5.7274568463614255,5.527664567551457,3,3,4.872161696048198
4,0.5,0.5,0.0,0.1,1,0.1,4,3,0.75,41.16243640146709,4.549571902466806,5.662445814004181,5.545617196580621,3,3,4.698604495715435
4,0.5,0.5,0.0,0.1,1,0.1,4,4,1.0,41.770205700856785,4.548215723713131,5.716097816992859,5.510198841325449,3,3,4.686266269431366
4,0.5,0.5,0.0,0.1,2,0.2,8,2,0.25,42.080534172374165,4.592678258034289,5.735431775926341,5.548800639640357,3,3,5.092693581820872
4,0.5,0.5,0.0,0.1,2,0.2,8,4,0.5,41.68661876303587,4.55080290746462,5.708328384746854,5.504977217274213,3,3,4.709807102588439
4,0.5,0.5,0.0,0.1,2,0.2,8,6,0.75,41.368864134302065,4.537442059679059,5.682779250942619,5.56432020881958,3,3,4.588380444944539
4,0.5,0.5,0.0,0.1,2,0.2,8,8,1.0,45.331328318348845,4.829735385784644,5.972592196590988,5.679798715680608,3,3,7.326343896700345
